{"test_accuracy": 0.8728368355995055, "classification_report": {"negative": {"precision": 0.8272654796704757, "recall": 0.9554941682013505, "f1-score": 0.8867682666286854, "support": 3258.0}, "neutral": {"precision": 0.9744990892531876, "recall": 0.9762773722627737, "f1-score": 0.97538742023701, "support": 1096.0}, "positive": {"precision": 0.909993792675357, "recall": 0.6921624173748819, "f1-score": 0.7862697774202199, "support": 2118.0}, "accuracy": 0.8728368355995055, "macro avg": {"precision": 0.9039194538663401, "recall": 0.874644652613002, "f1-score": 0.882808488095305, "support": 6472.0}, "weighted avg": {"precision": 0.8792720623415188, "recall": 0.8728368355995055, "f1-score": 0.8688867450296733, "support": 6472.0}}, "confusion_matrix": [[3113, 9, 136], [17, 1070, 9], [633, 19, 1466]], "labels": ["negative", "neutral", "positive"], "roc_curve": {"negative": {"fpr": [0.0, 0.00031113876789047915, 0.0006222775357809583, 0.0012445550715619166, 0.0012445550715619166, 0.001866832607342875, 0.0021779713752333543, 0.003422526446795271, 0.004044803982576229, 0.004044803982576229, 0.0043559427504667085, 0.004667081518357187, 0.004667081518357187, 0.005600497822028625, 0.00715619166148102, 0.010578718108276292, 0.015245799626633479, 0.018668326073428748, 0.023024268823895456, 0.02613565650280025, 0.034536403235843185, 0.040136901057871814, 0.14156813939016802, 0.1465463596764157, 0.15090230242688238, 0.1549471064094586, 0.16023646546359677, 0.16521468574984444, 0.1686372121966397, 0.1733042937149969, 0.17766023646546358, 0.18419415059116365, 0.1894835096453018, 0.19539514623522092, 0.19943995021779715, 0.20535158680771623, 0.20846297448662104, 0.21313005600497822, 0.21686372121966396, 0.22868699439950219, 0.23677660236465464, 0.2566894835096453, 0.3027380211574362, 0.3808338518979465, 0.4891101431238332, 0.6275668948350964, 0.7134411947728687, 0.7675793403858121, 0.8301182327317984, 1.0], "tpr": [0.0, 0.01780233271945979, 0.03437691835481891, 0.05954573357888275, 0.09177409453652548, 0.120012277470841, 0.1543891958256599, 0.19122160834868018, 0.24125230202578268, 0.2783916513198281, 0.3173726212400246, 0.37538367096378145, 0.46746470227133213, 0.5079803560466544, 0.5788827501534684, 0.6058931860036832, 0.6160220994475138, 0.6243093922651933, 0.6329036218538981, 0.6442602823818293, 0.6507059545733579, 0.6571516267648865, 0.8449969306322898, 0.8529772866789441, 0.8624923265807244, 0.8701657458563536, 0.8784530386740331, 0.8891958256599141, 0.8987108655616943, 0.9094536525475752, 0.9195825659914058, 0.9275629220380601, 0.937998772252916, 0.9432166973603437, 0.9515039901780233, 0.9567219152854513, 0.9637814610190301, 0.9736034376918354, 0.9812768569674647, 0.985573971761817, 0.9895641497851443, 0.9923265807243707, 0.9953959484346224, 0.9975445058317987, 0.998158379373849, 0.9984653161448741, 0.9996930632289748, 0.9996930632289748, 1.0, 1.0], "auc": 0.94961490608728}, "neutral": {"fpr": [0.0, 0.0, 0.0, 0.0, 0.0, 0.0, 0.0, 0.0, 0.0, 0.0, 0.0, 0.0011160714285714285, 0.006138392857142857, 0.011160714285714286, 0.02492559523809524, 0.03608630952380952, 0.04408482142857143, 0.05226934523809524, 0.06361607142857142, 0.07235863095238096, 0.08240327380952381, 0.09170386904761904, 0.10044642857142858, 0.10788690476190477, 0.11625744047619048, 0.12406994047619048, 0.13299851190476192, 0.14192708333333334, 0.15048363095238096, 0.15829613095238096, 0.3327752976190476, 0.34486607142857145, 0.35714285714285715, 0.36830357142857145, 0.3757440476190476, 0.39732142857142855, 0.4231770833333333, 0.45461309523809523, 0.49032738095238093, 0.5286458333333334, 0.5578497023809523, 0.5734747023809523, 0.59765625, 0.6581101190476191, 0.7550223214285714, 0.8617931547619048, 0.8993675595238095, 0.9468005952380952, 0.9856770833333334, 1.0], "tpr": [0.0, 0.04927007299270073, 0.12043795620437957, 0.17518248175182483, 0.21806569343065693, 0.26094890510948904, 0.3093065693430657, 0.3521897810218978, 0.3968978102189781, 0.5602189781021898, 0.8220802919708029, 0.9607664233576643, 0.9799270072992701, 0.9881386861313869, 0.9917883211678832, 0.9917883211678832, 0.9917883211678832, 0.9936131386861314, 0.9936131386861314, 0.9936131386861314, 0.9936131386861314, 0.9936131386861314, 0.9936131386861314, 0.9936131386861314, 0.9936131386861314, 0.9936131386861314, 0.9936131386861314, 0.9936131386861314, 0.9936131386861314, 0.9945255474452555, 0.9963503649635036, 0.9963503649635036, 0.9963503649635036, 0.9963503649635036, 0.9963503649635036, 0.9963503649635036, 0.9963503649635036, 0.9972627737226277, 0.9981751824817519, 0.9981751824817519, 0.9990875912408759, 0.9990875912408759, 1.0, 1.0, 1.0, 1.0, 1.0, 1.0, 1.0, 1.0], "auc": 0.9972050692996177}, "positive": {"fpr": [0.0, 0.00022967386311437759, 0.00045934772622875517, 0.0011483693155718878, 0.0013780431786862655, 0.0013780431786862655, 0.001607717041800643, 0.0020670647680293983, 0.003445107946715664, 0.005282498851630684, 0.00757923748277446, 0.011254019292604502, 0.016536518144235186, 0.022737712448323382, 0.028249885163068443, 0.032613688562241616, 0.037436839687643546, 0.043867707854846116, 0.04823151125401929, 0.05259531465319247, 0.058337161231051905, 0.06384933394579696, 0.07096922370234267, 0.07808911345888837, 0.08520900321543408, 0.09095084979329353, 0.09600367478180984, 0.10197519522278364, 0.10863573725310059, 0.11414790996784566, 0.25241157556270094, 0.2581534221405604, 0.2620578778135048, 0.2673403766651355, 0.27377124483233806, 0.27928341754708313, 0.2845659163987138, 0.28915939366100135, 0.29467156637574643, 0.30362884703720716, 0.3155718879191548, 0.38378502526412495, 0.5319246669728985, 0.6040422599908131, 0.6665135507579237, 0.7613688562241617, 0.8454294901240239, 0.8821773082223243, 0.9152503445107947, 1.0], "tpr": [0.0, 0.04627006610009443, 0.08309726156751653, 0.12417374881964117, 0.1676109537299339, 0.26770538243626063, 0.40415486307837584, 0.4796978281397545, 0.5868744098205855, 0.6279508970727101, 0.6525023607176582, 0.6647780925401322, 0.6694995278564684, 0.676109537299339, 0.6831916902738433, 0.6907459867799811, 0.6968838526912181, 0.7016052880075543, 0.7110481586402266, 0.7181303116147308, 0.726628895184136, 0.7308781869688386, 0.7365439093484419, 0.7422096317280453, 0.7469310670443815, 0.7511803588290841, 0.7568460812086875, 0.7634560906515581, 0.7700661000944287, 0.7776203966005666, 0.931067044381492, 0.9353163361661945, 0.9419263456090652, 0.9490084985835694, 0.9560906515580736, 0.9617563739376771, 0.9664778092540132, 0.9745042492917847, 0.9782813975448537, 0.9830028328611898, 0.9881964117091596, 0.9915014164305949, 0.9933899905571294, 0.9943342776203966, 0.9952785646836638, 0.9981114258734656, 0.9990557129367328, 0.9995278564683664, 0.9995278564683664, 1.0], "auc": 0.9411375601131757}}, "training_history": {"accuracy": [0.6163, 0.8811, 0.9392, 0.9453, 0.9493, 0.9487, 0.9527, 0.9532, 0.9533, 0.9552, 0.9531], "loss": [0.7391, 0.2589, 0.1156, 0.0924, 0.0812, 0.0758, 0.0702, 0.0686, 0.0659, 0.0632, 0.0645], "val_accuracy": [0.7912, 0.8679, 0.8357, 0.8644, 0.8372, 0.8859, 0.8384, 0.8752, 0.8783, 0.837, 0.8789], "val_loss": [0.5022, 0.27, 0.2895, 0.2747, 0.2882, 0.2638, 0.2868, 0.2799, 0.2823, 0.3067, 0.2848]}, "dataset_stats": {"total_rows": 32359, "class_counts": {"negative": 16288, "positive": 10592, "neutral": 5479}, "char_length_mean": 24.887233845298063, "char_length_median": 19.0, "word_count_mean": 4.38789826632467, "word_count_median": 3.0, "char_length_hist": [335, 9270, 13235, 2853, 2867, 1466, 594, 282, 212, 178, 229, 175, 135, 86, 72, 70, 70, 69, 116, 45], "char_length_bins": [2.0, 9.25, 16.5, 23.75, 31.0, 38.25, 45.5, 52.75, 60.0, 67.25, 74.5, 81.75, 89.0, 96.25, 103.5, 110.75, 118.0, 125.25, 132.5, 139.75, 147.0], "word_count_hist": [20153, 6289, 2532, 2006, 472, 256, 178, 173, 94, 63, 65, 65, 12, 0, 1],